{"cameraMode":{"drawMode":0,"name":"Shaded","section":"Shading Mode"},"sceneLighting":true,"audioPlay":false,"sceneViewState":{"m_AlwaysRefresh":false,"showFog":true,"showSkybox":true,"showFlares":true,"showImageEffects":true,"showParticleSystems":true,"showVisualEffectGraphs":true,"m_FxEnabled":true},"in2DMode":false,"pivot":{"x":8.499422073364258,"y":-38.893150329589847,"z":-3.2601799964904787},"rotation":{"x":0.7128074765205383,"y":-0.0021040940191596748,"z":0.0021384188439697029,"w":0.7013497948646545},"size":25.480365753173829,"orthographic":false}